{"1":{"fname":"mkmmk","age":"mkm","city":"mm","nic":"klm"},"2":{"fname":"pugal","age":"20","city":"Kili","nic":"200285693152"},"3":{"fname":"ytui","age":"20","city":"hgyg","nic":"55"},"6":{"fname":"ytui","age":"20","city":"hgyg","nic":"rrtert"},"7":{"fname":"ytui","age":"20","city":"rttreret","nic":"rrtert"},"8":{"fname":"ggg","age":"25","city":"fgfgf","nic":"fgfgf"},"9":{"fname":"ytui","age":"20","city":"hgyg","nic":"rrtert"},"10":{"fname":"ytui","age":"20","city":"rttreret","nic":"rrtert"},"11":{"fname":"Arulthas","age":"20","city":"kilinochchi","nic":"200209601878"}}